{"cameraMode":{"drawMode":0,"name":"Shaded","section":"Shading Mode"},"sceneLighting":false,"audioPlay":false,"sceneViewState":{"showFog":true,"showMaterialUpdate":false,"showSkybox":false,"showFlares":true,"showImageEffects":true,"showParticleSystems":true},"in2DMode":false,"pivot":{"x":-0.5260001420974731,"y":-0.4500000476837158,"z":0.3619999587535858},"rotation":{"x":0.1471872627735138,"y":0.2761183977127075,"z":-0.042834434658288959,"w":0.9488391876220703},"size":22.0,"orthographic":false}