{"cameraMode":{"drawMode":0,"name":"Shaded","section":"Shading Mode"},"sceneLighting":true,"audioPlay":false,"sceneViewState":{"showFog":false,"showMaterialUpdate":false,"showSkybox":true,"showFlares":true,"showImageEffects":true,"showParticleSystems":true},"in2DMode":false,"pivot":{"x":50.43941116333008,"y":45.58601379394531,"z":-68.48428344726563},"rotation":{"x":-0.23403212428092957,"y":0.6028113961219788,"z":-0.1910371482372284,"w":-0.738480806350708},"size":28.858957290649415,"orthographic":false}